<resources>
    <string name="app_name">ViewBinding</string>
    <!-- TODO: Remove or change this placeholder text -->
    <string name="hello_blank_fragment">Hello blank fragment</string>
    <string name="en_lezzetli_kahveler">En Lezzetli Kahveler!</string>
    <string name="hadi_ok_bekledik">Hadi Çok Bekledik</string>
    <string name="t_kla_kap_nda">Tıkla Kapında</string>
    <string name="kahve_se_iminizi_giriniz">Enter Your Coffee Selection</string>
    <string name="americano">Americano\nThe espresso coffee is diluted in hot water, reducing the intensity of its flavor!</string>
    <string name="latte">Latte \n Are you ready for the smooth harmony of ground coffee beans and milk?</string>
    <string name="Mocha">White Mocha \n How about a sweet start? White chocolate, milk and coffee harmony</string>
    <string name="misto">Misto \n Ready with a little milk and coffee for purists!</string>
    <string name="sonuc">YOUR COFFEE IS PREPARED WITH UNIQUE BEANS</string>
    <string name="s_par_n_z">YOUR ORDER</string>
    <string name="sipari_ver">Place an order</string>
    <string name="yeni_bir_sipari">A New Order?</string>
</resources>